RefCode ;EffectType;Mix;FlowerSpecies
B001;exporter;1;Coriandrum sativum
B001;exporter;1;Helianthus annuus
B001;exporter;1;Pimpinella anisum
B001;exporter;1;Solanum melongena
B001;exporter;1;Anethum graveolens
B001;exporter;1;Cucurbita pepo
B001;exporter;1;Cuminum cyminum
B001;exporter;1;Ocimum basilicum
B001;neutral;1;Coriandrum sativum
B001;neutral;1;Helianthus annuus
B001;neutral;1;Pimpinella anisum
B001;neutral;1;Solanum melongena
B001;neutral;1;Anethum graveolens
B001;neutral;1;Cucurbita pepo
B001;neutral;1;Cuminum cyminum
B001;neutral;1;Ocimum basilicum
B002;neutral;2;Matricaria chamomilla
B002;neutral;2;Diplotaxis catholica
B002;neutral;2;Medicago sp.
B002;neutral;2;Vicia sativa
B002;neutral;2;Lamium sp.
B002;neutral;2;Salvia verbenaca
B002;neutral;2;Nigella damascena
B003;exporter;3;Borago officinalis
B003;exporter;3;Calendula arvensis
B003;exporter;3;Coriandrum sativum 
B003;exporter;3;Diplotaxis erucoides
B003;exporter;3;Echium plantagineum
B003;exporter;3;Medicago sativa
B003;exporter;3;Nigella damascena
B003;exporter;3;Salvia pratensis
B003;exporter;3;Silene vulgaris
B003;exporter;3;Sinapis alba
B003;exporter;3;Vicia sativa
B003;exporter;3;Borago officinalis
B003;exporter;3;Calendula arvensis
B003;exporter;3;Coriandrum sativum
B003;exporter;3;Medicago sativa
B003;exporter;3;Sinapis alba
B003;exporter;3;Diplotaxis catholica
B003;neutral;3;Borago officinalis
B003;neutral;3;Calendula arvensis
B003;neutral;3;Coriandrum sativum 
B003;neutral;3;Diplotaxis erucoides
B003;neutral;3;Echium plantagineum
B003;neutral;3;Medicago sativa
B003;neutral;3;Nigella damascena
B003;neutral;3;Salvia pratensis
B003;neutral;3;Silene vulgaris
B003;neutral;3;Sinapis alba
B003;neutral;3;Vicia sativa
B003;neutral;3;Borago officinalis
B003;neutral;3;Calendula arvensis
B003;neutral;3;Coriandrum sativum
B003;neutral;3;Medicago sativa
B003;neutral;3;Sinapis alba
B003;neutral;3;Diplotaxis catholica
B004;exporter;4;Borago officinalis
B004;exporter;4;Calendula arvensis
B004;exporter;4;Coriandrum sativum
B004;exporter;4;Salvia pratensis
B004;exporter;4;Melilotus officinalis
B004;exporter;4;Diplotaxis erucoides
B004;exporter;4;Echium plantagineum
B004;exporter;4;Silene vulgaris
B004;exporter;4;Vicia sativa
B004;exporter;4;Nigella damascena
B004;exporter;4;Sinapis alba
B004;exporter;4;Medicago sativa
B004;neutral;4;Borago officinalis
B004;neutral;4;Calendula arvensis
B004;neutral;4;Coriandrum sativum
B004;neutral;4;Salvia pratensis
B004;neutral;4;Melilotus officinalis
B004;neutral;4;Diplotaxis erucoides
B004;neutral;4;Echium plantagineum
B004;neutral;4;Silene vulgaris
B004;neutral;4;Vicia sativa
B004;neutral;4;Nigella damascena
B004;neutral;4;Sinapis alba
B004;neutral;4;Medicago sativa
B005;concentrator;5;Crataegus monogyna
B005;concentrator;5;Carpinus betulus (L.)
B005;concentrator;5;Alnus glutinosa (L.)
B006;neutral;6;Achillea millefolium
B006;neutral;6;Andropogon gerardii
B006;neutral;6;Anemone canadensis
B006;neutral;6;Baptisia alba
B006;neutral;6;Coreopsis lanceolata
B006;neutral;6;Echinacea purpureum
B006;neutral;6;Elymus canadensis
B006;neutral;6;Eryngium yuccifolium
B006;neutral;6;Euthamia graminifolia
B006;neutral;6;Monarda fistulosa
B006;neutral;6;Monarda punctata
B006;neutral;6;Oenothera biennis
B006;neutral;6;Penstemon digitalis
B006;neutral;6;Penstemon hirsutus
B006;neutral;6;Pycnanthemum virginianum
B006;neutral;6;Ratibida pinnata
B006;neutral;6;Rudbeckia hirta
B006;neutral;6;Rudbeckia triloba
B006;neutral;6;Schizachyrium scoparium
B006;neutral;6;Scrophularia marilandica
B006;neutral;6;Solidago nemoralis
B006;neutral;6;Solidago rigida
B006;neutral;6;Solidago speciosa
B006;neutral;6;Sorghastrum nutans
B006;neutral;6;Symphyotrichum laeve
B006;neutral;6;Symphyotrichum novae-angliae
B006;neutral;6;Symphyotrichum urophyllum
B006;neutral;6;Tradescantia ohiensis
B006;neutral;6;Verbena stricta
B006;neutral;6;Zizia aurea
B006;neutral;7;Lupinus polyphylus
B006;neutral;7;Sidalcea campestris
B006;neutral;7;Collinsia grandiflora
B006;neutral;7;Gilia capitate
B006;neutral;7;Solidago canadensis
B006;neutral;7;Phacelia heterophylla
B006;neutral;7;Madia elegans
B006;neutral;7;Symphyotrichum subspicatum
B006;neutral;6;Achillea millefolium
B006;neutral;6;Andropogon gerardii
B006;neutral;6;Anemone canadensis
B006;neutral;6;Baptisia alba
B006;neutral;6;Coreopsis lanceolata
B006;neutral;6;Echinacea purpureum
B006;neutral;6;Elymus canadensis
B006;neutral;6;Eryngium yuccifolium
B006;neutral;6;Euthamia graminifolia
B006;neutral;6;Monarda fistulosa
B006;neutral;6;Monarda punctata
B006;neutral;6;Oenothera biennis
B006;neutral;6;Penstemon digitalis
B006;neutral;6;Penstemon hirsutus
B006;neutral;6;Pycnanthemum virginianum
B006;neutral;6;Ratibida pinnata
B006;neutral;6;Rudbeckia hirta
B006;neutral;6;Rudbeckia triloba
B006;neutral;6;Schizachyrium scoparium
B006;neutral;6;Scrophularia marilandica
B006;neutral;6;Solidago nemoralis
B006;neutral;6;Solidago rigida
B006;neutral;6;Solidago speciosa
B006;neutral;6;Sorghastrum nutans
B006;neutral;6;Symphyotrichum laeve
B006;neutral;6;Symphyotrichum novae-angliae
B006;neutral;6;Symphyotrichum urophyllum
B006;neutral;6;Tradescantia ohiensis
B006;neutral;6;Verbena stricta
B006;neutral;6;Zizia aurea
B006;neutral;8;Clarkia williamsonii
B006;neutral;8;Eschscholtzia californica
B006;neutral;8;Grindelia camporum
B006;neutral;8;Lupinus densiflorus
B006;neutral;8;Lupinus succulentus
B006;neutral;8;Phacelia californica
B006;neutral;8;Phacelia ciliata
B006;neutral;8;Phacelia tanacetifolia
B006;neutral;8;Trichostema lanceolatum
B006;neutral;8;Trifolium fulcatum
B006;neutral;8;Monardella villosa
B007;exporter;9;Angelica sylvestris
B007;exporter;9;Crepis vesicaria
B007;exporter;9;Digitalis purpurea
B007;exporter;9;Geranium dissectum
B007;exporter;9;Geranium robertianum
B007;exporter;9;Sonchus asper
B007;exporter;9;Stachys sylvatica
B007;exporter;9;Trifolium repens
B007;exporter;9;Viccia cracca
B007;concentrator;9;Angelica sylvestris
B007;concentrator;9;Crepis vesicaria
B007;concentrator;9;Digitalis purpurea
B007;concentrator;9;Geranium dissectum
B007;concentrator;9;Geranium robertianum
B007;concentrator;9;Sonchus asper
B007;concentrator;9;Stachys sylvatica
B007;concentrator;9;Trifolium repens
B007;concentrator;9;Viccia cracca
B008;neutral;10;Sphaeralcea obtusiloba (Hook.) G. Don
B008;neutral;10;Baccharis linearis (Ruiz & Pav.) Pers.
B008;neutral;10;Flourensia thurifera (Molina) DC.
B008;neutral;10;Lycium chilense Miers ex Bertero
B008;neutral;10;Eryngium paniculatum Cav. & Dombey ex F. Delaroche
B008;neutral;10;Encelia canescens Lam.
B008;neutral;10;Erigeron luxurians (Skottsb.) Solbrig
B008;neutral;10;Lepechinia salviae (Lindl.) Epling
B009;neutral;11;Achillea millefolium
B009;neutral;11;Andropogon gerardii
B009;neutral;11;Anemone canadensis
B009;neutral;11;Baptisia alba
B009;neutral;11;Coreopsis lanceolata
B009;neutral;11;Echinacea purpureum
B009;neutral;11;Elymus canadensis
B009;neutral;11;Eryngium yuccifolium
B009;neutral;11;Euthamia graminifolia
B009;neutral;11;Monarda fistulosa
B009;neutral;11;Monarda punctata 
B009;neutral;11;Oenothera biennis
B009;neutral;11;Penstemon digitalis
B009;neutral;11;Penstemon hirsutus
B009;neutral;11;Pycnanthemum virginianum
B009;neutral;11;Ratibida pinnata
B009;neutral;11;Rudbeckia hirta
B009;neutral;11;Rudbeckia triloba
B009;neutral;11;Schizachyrium scoparium
B009;neutral;11;Scrophularia marilandica
B009;neutral;11;Solidago nemoralis
B009;neutral;11;Forb Solidago rigida
B009;neutral;11;Solidago speciosa
B009;neutral;11;Sorghastrum nutans
B009;neutral;11;Symphyotrichum laeve
B009;neutral;11;Symphyotrichum novae-angliae
B009;neutral;11;Symphyotrichum urophyllum
B009;neutral;11;Tradescantia ohiensis
B009;neutral;11;Verbena stricta
B009;neutral;11;Zizia aurea
B010;exporter;12;Phacelia tanacetifolia
B010;neutral;12;Phacelia tanacetifolia
B011;concentrator;13;Ammi visnaga
B011;concentrator;13;Asclepia fascicularis
B011;concentrator;13;Atriplex triangularis
B011;concentrator;13;Brassica sp.
B011;concentrator;13;Centaurea solstitialis
B011;concentrator;13;Convolvulus arvensis
B011;concentrator;13;Daucus carota
B011;concentrator;13;Eriogonum fasciculatum
B011;concentrator;13;Foeniculum vulgare
B011;concentrator;13;Grindelia camporum
B011;concentrator;13;Heteromeles arbutifolia
B011;concentrator;13;Lactuca serriola
B011;concentrator;13;Lotus corniculatus
B011;concentrator;13;Picris echioides
B011;concentrator;13;Rosa californica
B011;concentrator;13;Sambucus mexicana
B012;neutral;14;Anchusa arvensis
B012;neutral;14;Anethum graveolens
B012;neutral;14;Anthemis tinctoria
B012;neutral;14;Camelina sativa
B012;neutral;14;Campanula patula
B012;neutral;14;Campanula rapunculoides
B012;neutral;14;Centaurea scabiosa
B012;neutral;14;Centaureus cyanus
B012;neutral;14;Cichorium intybus
B012;neutral;14;Crepis biennis
B012;neutral;14;Daucus carota
B012;neutral;14;Echium vulgare
B012;neutral;14;Hypochaeris radicata
B012;neutral;14;Leontodon hispidus
B012;neutral;14;Linum usitatissimum
B012;neutral;14;Lotus corniculatus
B012;neutral;14;Melilotus albus
B012;neutral;14;Onobrychis viciifolia
B012;neutral;14;Papaver rhoeas
B012;neutral;14;Phacelia tanacetifolia
B012;neutral;14;Picris hieracioides
B012;neutral;14;Reseda lutea
B012;neutral;14;Sinapis arvensis
B012;neutral;14;Stachys annua
B012;neutral;14;Trifolium hybridum
B012;neutral;14;Trifolium incarnatum
B012;neutral;14;Trifolium pratense
B012;neutral;14;Fagopyrum esculentum
B012;neutral;14;Lamium purpureum
B012;neutral;14;Vicia sativa
B012;exporter;14;Anchusa arvensis
B012;exporter;14;Anethum graveolens
B012;exporter;14;Anthemis tinctoria
B012;exporter;14;Camelina sativa
B012;exporter;14;Campanula patula
B012;exporter;14;Campanula rapunculoides
B012;exporter;14;Centaurea scabiosa
B012;exporter;14;Centaureus cyanus
B012;exporter;14;Cichorium intybus
B012;exporter;14;Crepis biennis
B012;exporter;14;Daucus carota
B012;exporter;14;Echium vulgare
B012;exporter;14;Hypochaeris radicata
B012;exporter;14;Leontodon hispidus
B012;exporter;14;Linum usitatissimum
B012;exporter;14;Lotus corniculatus
B012;exporter;14;Melilotus albus
B012;exporter;14;Onobrychis viciifolia
B012;exporter;14;Papaver rhoeas
B012;exporter;14;Phacelia tanacetifolia
B012;exporter;14;Picris hieracioides
B012;exporter;14;Reseda lutea
B012;exporter;14;Sinapis arvensis
B012;exporter;14;Stachys annua
B012;exporter;14;Trifolium hybridum
B012;exporter;14;Trifolium incarnatum
B012;exporter;14;Trifolium pratense
B012;exporter;14;Fagopyrum esculentum
B012;exporter;14;Lamium purpureum
B012;exporter;14;Vicia sativa
B013;neutral;15;Eriogonum fasciculatum foliolosum
B013;neutral;15;Ceanothus griseus
B013;neutral;15;Rhamnus californica tomentella
B013;neutral;15;Baccharis pilularis
B013;neutral;15;Sambucus nigra
B013;neutral;15;Heteromeles arbutifolia
B013;exporter;15;Eriogonum fasciculatum foliolosum
B013;exporter;15;Ceanothus griseus
B013;exporter;15;Rhamnus californica tomentella
B013;exporter;15;Baccharis pilularis
B013;exporter;15;Sambucus nigra
B013;exporter;15;Heteromeles arbutifolia
B014;neutral;NA;NA
B014;concentrator;NA;NA
B015;neutral;16;Zizia aurea
B015;neutral;16;Penstemon digitalis
B015;neutral;16;Coreopsis lanceolata
B015;neutral;16;Rudbeckia hirta
B015;neutral;16;Asclepias incarnata
B015;neutral;16;Asclepias tuberosa
B015;neutral;16;Monarda fistulosa
B015;neutral;16;Eupatorium maculatum
B015;neutral;16;Eupatorium perfoliatum
B015;neutral;16;Lobelia siphilitica
B015;neutral;16;Ratibida pinnata
B015;neutral;16;Silphium perfoliatum
B015;neutral;16;Solidago rigida
B015;neutral;16;Symphyotrichum novae-angliae
B015;neutral;16;Symphyotrichum laeve
B015;neutral;16;Elymus canadensis
B015;neutral;16;Sorghastrum nutans
B015;neutral;16;Andropogon gerardii
B015;exporter;16;Zizia aurea
B015;exporter;16;Penstemon digitalis
B015;exporter;16;Coreopsis lanceolata
B015;exporter;16;Rudbeckia hirta
B015;exporter;16;Asclepias incarnata
B015;exporter;16;Asclepias tuberosa
B015;exporter;16;Monarda fistulosa
B015;exporter;16;Eupatorium maculatum
B015;exporter;16;Eupatorium perfoliatum
B015;exporter;16;Lobelia siphilitica
B015;exporter;16;Ratibida pinnata
B015;exporter;16;Silphium perfoliatum
B015;exporter;16;Solidago rigida
B015;exporter;16;Symphyotrichum novae-angliae
B015;exporter;16;Symphyotrichum laeve
B015;exporter;16;Elymus canadensis
B015;exporter;16;Sorghastrum nutans
B015;exporter;16;Andropogon gerardii
B016;exporter;17;Ceanothus spp.
B016;exporter;17;Rhamnus californica
B016;exporter;17;Eriogonum fasciculatum
B016;exporter;17;Heteromeles arbutifolia
B016;exporter;17;Sambucus mexicana
B016;exporter;17;Baccharis pilularis
B017;concentrator;NA;NA
B018;concentrator;18;Borago officinalis
B018;concentrator;18;Calendula arvensis
B018;concentrator;18;Coriandrum sativum
B018;concentrator;18;Salvia pratensis
B018;concentrator;18;Melilotus officinalis
B018;concentrator;18;Diplotaxis erucoides
B018;concentrator;18;Echium plantagineum
B018;concentrator;18;Silene vulgaris
B018;concentrator;18;Vicia sativa
B018;concentrator;18;Nigella damascena
B018;concentrator;18;Sinapis alba
B018;concentrator;18;Medicago sativa
B019;neutral;NA;NA
B019;exporter;NA;NA
B019;concentrator;NA;NA
B020;exporter;19;Calendula officinalis L.
B020;exporter;19;Coriandrum sativum
B020;exporter;19;Nigella gallica L.
B020;exporter;19;Lobularia maritima L.
B020;exporter;19;Borago officinalis
B020;exporter;19;Diplotaxis virgata Cav.
B020;exporter;19;Diplotaxis catholica
B020;exporter;19;Medicago sativa
B020;exporter;19;Salvia verbenaca
B020;exporter;19;Silene vulgaris
B020;exporter;19;Vicia sativa
B020;neutral;19;Calendula officinalis L.
B020;neutral;19;Coriandrum sativum
B020;neutral;19;Nigella gallica L.
B020;neutral;19;Lobularia maritima L.
B020;neutral;19;Borago officinalis
B020;neutral;19;Diplotaxis virgata Cav.
B020;neutral;19;Diplotaxis catholica
B020;neutral;19;Medicago sativa
B020;neutral;19;Salvia verbenaca
B020;neutral;19;Silene vulgaris
B020;neutral;19;Vicia sativa
B021;concentrator;20;Eryngium paniculatum Cav. & Dombey ex F. Delaroche
B021;concentrator;20;Baccharis linearis (Ruiz & Pav.) Pers.
B021;concentrator;20;Encelia canescens Lam.
B021;concentrator;20;Erigeron luxurians (Skottsb.) Solbrig
B021;concentrator;20;Eupatorium salvium Colla
B021;concentrator;20;Flourensia thurifera (Molina) DC.
B021;concentrator;20;Haplopappus integerrimus (Hook. & Arn.) H.M. Hall
B021;concentrator;20;Senna cumingii (Hook. & Arn.) H.S. Irwin & Barneby
B021;concentrator;20;Lepechinia salviae (Lindl.) Epling
B021;concentrator;20;Sphaeralcea obtusiloba (Hook.) G. Don
B021;concentrator;20;Lycium chilense Miers ex Bertero
B021;concentrator;20;Alonsoa meridionalis
B021;concentrator;20;Baccharis romboidalis
B021;concentrator;20;Eryngium paniculatum
B021;concentrator;20;Haploapappus macrocephalus
B022;concentrator;21;Helianthus annuus
B022;concentrator;21;Coriandrum sativum
B022;concentrator;21;Medicago sativa
B023;neutral;22;Alliaria petolata
B023;neutral;22;Anthriscus sylvestris
B023;neutral;22;Brassica napus
B023;neutral;22;Capsellabursa pastoris
B023;neutral;22;Cardamine pratensis
B023;neutral;22;Cerastium arvense
B023;neutral;22;Cerastium fontanum
B023;neutral;22;Crataegus monogyna
B023;neutral;22;Euphorbia helioscopa
B023;neutral;22;Fumaria muralis
B023;neutral;22;Fumaria officinalis
B023;neutral;22;Fumaria sp.
B023;neutral;22;Geranium robertianum
B023;neutral;22;Labium hybridum
B023;neutral;22;Matricaria discoidea
B023;neutral;22;Medicago lupulina
B023;neutral;22;Papaver sp.
B023;neutral;22;Poa annua
B023;neutral;22;Senecio vulgare
B023;neutral;22;Sinapis arvensis
B023;neutral;22;Sisymbrium officinale
B023;neutral;22;Sonchus oleraceus
B023;neutral;22;Taraxacum officinale
B023;neutral;22;Ulex europaeus
B023;neutral;22;Veronica persica
B023;neutral;22;Vicia sepium
B023;neutral;22;Viola tricolor
B023;exporter;23;Anthriscus sylvestris
B023;exporter;23;Arum maculatum
B023;exporter;23;Bellis perennis
B023;exporter;23;Cardamine pratensis
B023;exporter;23;Cerastium fontanum
B023;exporter;23;Crataegus monogyna
B023;exporter;23;Ficaria verna
B023;exporter;23;Hyacinthoides hispanica
B023;exporter;23;Hyacinthoides sp.
B023;exporter;23;Malus pumila
B023;exporter;23;Malus sp.
B023;exporter;23;Myosotis scorpioides
B023;exporter;23;Ranunculus repens
B023;exporter;23;Sambucus nigra
B023;exporter;23;Smyrnium olosatrum
B023;exporter;23;Taraxacum officinale
B023;exporter;23;Viburnum davidii
B023;exporter;23;Viburnum opulus
B023;exporter;23;Vicia sativa
B023;exporter;23;Vicia sepium
B023;neutral;23;Anthriscus sylvestris
B023;neutral;23;Arum maculatum
B023;neutral;23;Bellis perennis
B023;neutral;23;Cardamine pratensis
B023;neutral;23;Cerastium fontanum
B023;neutral;23;Crataegus monogyna
B023;neutral;23;Ficaria verna
B023;neutral;23;Hyacinthoides hispanica
B023;neutral;23;Hyacinthoides sp.
B023;neutral;23;Malus pumila
B023;neutral;23;Malus sp.
B023;neutral;23;Myosotis scorpioides
B023;neutral;23;Ranunculus repens
B023;neutral;23;Sambucus nigra
B023;neutral;23;Smyrnium olosatrum
B023;neutral;23;Taraxacum officinale
B023;neutral;23;Viburnum davidii
B023;neutral;23;Viburnum opulus
B023;neutral;23;Vicia sativa
B023;neutral;23;Vicia sepium
B024;neutral;24;Penstemon hirsutus
B024;neutral;24;Potentilla fruticosa
B024;neutral;24;Monarda fistulosa
B024;neutral;24;Veronicastrum virginicum
B024;neutral;24;Solidago juncea
B024;neutral;24;Lobelia siphilitica
B024;neutral;24;Silphium terebinthinaceum
B024;neutral;24;Agastache nepetoides
B024;neutral;24;Aster laevis
B024;neutral;24;Schizachyrium scoparium
B025;exporter;25;Coccinia grandis (L.) Voigt
B025;exporter;25;Tridax procumbens
B025;exporter;25;Ruellia tuberosa Linn.
B025;exporter;25;Euphorbia heterophylla L.
B025;exporter;25;Cleome rutidosperma
B025;neutral;25;Coccinia grandis (L.) Voigt
B025;neutral;25;Tridax procumbens
B025;neutral;25;Ruellia tuberosa Linn.
B025;neutral;25;Euphorbia heterophylla L.
B025;neutral;25;Cleome rutidosperma
B026;neutral;26;Achillea millefolium
B026;neutral;26;Allium fistulosum
B026;neutral;26;Anthemis tinctoria
B026;neutral;26;Borago officinalis
B026;neutral;26;Calendula officinalis
B026;neutral;26;Camelina sativa
B026;neutral;26;Campanula rapunculoides
B026;neutral;26;Carduus nutans
B026;neutral;26;Centaurea cyanus
B026;neutral;26;Centaurea jacea
B026;neutral;26;Cichorium intybus
B026;neutral;26;Coriandrum sativum
B026;neutral;26;Daucus carota
B026;neutral;26;Echium vulgare
B026;neutral;26;Fagopyrum esculentum
B026;neutral;26;"Helianthus annuus ""Pollensorte"""
B026;neutral;26;Hypericum perforatum
B026;neutral;26;Isatis tinctoria
B026;neutral;26;Knautia arvensis
B026;neutral;26;Leucanthemum ircutianum/vulgare
B026;neutral;26;Linum grandiflorum
B026;neutral;26;Linum usitatissimum
B026;neutral;26;Lotus corniculatus
B026;neutral;26;Malva moschata
B026;neutral;26;Malva sylvestris
B026;neutral;26;Medicago lupulina
B026;neutral;26;Medicago sativa
B026;neutral;26;Melilotus albus
B026;neutral;26;Melilotus officinalis
B026;neutral;26;Onobrychis viciifolia
B026;neutral;26;Origanum vulgare
B026;neutral;26;Papaver rhoeas
B026;neutral;26;Pastinaca sativa
B026;neutral;26;Phacelia tanacetifolia
B026;neutral;26;Plantago lanceolata
B026;neutral;26;Reseda lutea
B026;neutral;26;Reseda luteola
B026;neutral;26;Salvia pratensis
B026;neutral;26;Sanguisorba minor
B026;neutral;26;Silene dioica
B026;neutral;26;Silene latifolia ssp. alba
B026;neutral;26;Silene vulgaris
B026;neutral;26;Sinapis alba
B026;neutral;26;Sinapis arvensis
B026;neutral;26;Solidago virgaurea
B026;neutral;26;Tanacetum vulgare
B026;neutral;26;Trifolium incarnatum
B026;neutral;26;Verbascum densiflorum
B026;neutral;26;Verbascum nigrum
B026;neutral;26;Vicia sativa
B027;exporter;27;Fagopyrum esculentum
B027;exporter;27;Onobrychis viciifolia
B027;exporter;27;Thinopyrum intermedium
B027;exporter;27;Helianthus annuus
B027;exporter;27;Phacelia tanacetifolia
B027;exporter;27;Trifolium  incarnatum
B027;exporter;27;Dalea candida
B027;exporter;27;Dalea purpurea
B027;exporter;27;Nassella viridula
B027;exporter;27;Schizachyrium scoparium
B027;exporter;27;Medicago sativa
B027;exporter;27;Cichorium intybus
B027;exporter;27;Bouteloua gracilis
B027;exporter;27;Trifolium resupinatum
B027;exporter;27;Trifolium pratense
B027;exporter;27;Trifolium hybridum
B027;exporter;27;Helianthus pauciflorus
B027;exporter;27;Zizia aptera
B027;exporter;27;Solidago nemoralis
B028;neutral;28;Sinapis alba
B028;neutral;28;Phacelia sp
B028;neutral;28;Vicia faba
B028;concentrator;28;Sinapis alba
B028;concentrator;28;Phacelia sp
B028;concentrator;28;Vicia faba
B029;exporter;29;Barnardia japonica
B029;exporter;29;Artemisia japonica
B029;exporter;29;Aster microcephalus var. ovatus
B029;exporter;29;Cirsium japonicum
B029;exporter;29;Coreopsis lanceolata
B029;exporter;29;Erigeron annuus
B029;exporter;29;Erigeron philadelphicus
B029;exporter;29;Galinsoga quadriradiata
B029;exporter;29;Hypochaeris radicata
B029;exporter;29;Ixeris dentata
B029;exporter;29;Ixeris stolonifera var. stolonifera
B029;exporter;29;Picris hieracioides subsp. japonica
B029;exporter;29;Pseudognaphalium affine
B029;exporter;29;Senecio vulgaris
B029;exporter;29;Sonchus oleraceus
B029;exporter;29;Taraxacum offinicale
B029;exporter;29;Adenophora triphylla var. japonica
B029;exporter;29;Dianthus superbus var. longicalycinus
B029;exporter;29;Silene armeria
B029;exporter;29;Commelina communis
B029;exporter;29;Ipomoea hederifolia
B029;exporter;29;Lagenaria siceraria var. hispida
B029;exporter;29;Indigofera pseudotinctoria
B029;exporter;29;Trifolium pratense
B029;exporter;29;Trifolium repens
B029;exporter;29;Vicia unijuga
B029;exporter;29;Geranium thunbergii
B029;exporter;29;Lamium amplexicaule
B029;exporter;29;Salvia japonica
B029;exporter;29;Oenothera biennis
B029;exporter;29;Oxalis corniculata
B029;exporter;29;Plantago lanceolata
B029;exporter;29;Veronica persica
B029;exporter;29;Sanguisorba officinalis
B029;exporter;29;Boehmeria silvestrii
B029;exporter;29;Patrinia scabiosifolia
B029;exporter;29;Viola.sp1
B029;exporter;29;Viola.sp2
B030;concentrator;30;Aster novae-angliae 
B030;concentrator;30;Agastache foeniculum 
B030;concentrator;30;Achillea millefolium 
B030;concentrator;30;Lupinus perennis 
B030;concentrator;30;Monarda fistulosa 
B030;concentrator;30;Solidago graminifolia 
B030;concentrator;30;Zizia aurea 
B030;concentrator;30;Grass species: Bouteloua curtipendula and Koeleria cristata (macrantha) 
B030;concentrator;30;Chamaecrista fasciculata 
B030;concentrator;30;Coreopsis lanceolata 
B030;concentrator;30;Phacelia tanacetifolia 
B030;concentrator;30;Rudbeckia hirta
B030;concentrator;30;Gaillardia pulchella
B030;concentrator;30;Trifolium incarnatum
B031;exporter;31;Rosa californica
B031;exporter;31;Ceanothus lemmonii
B031;exporter;31;Sambucus mexicana
B032;neutral;32;Crataegus monogyna Jacq.
B032;neutral;32;Prunus spinose L.
B032;concentrator;32;Crataegus monogyna Jacq.
B032;concentrator;32;Prunus spinose L.
B033;neutral;33;Zizia aurea
B033;neutral;33;Penstemon digitalis
B033;neutral;33;Coreopsis lanceolata
B033;neutral;33;Potentilla fruticosa
B033;neutral;33;Veronicastrum virginicum
B033;neutral;33;Agastache neptoides
B033;neutral;33;Silphium perfoliatum
B033;neutral;33;Lobelia siphilitica
B033;neutral;33;Solidago canadensis
B033;exporter;33;Zizia aurea
B033;exporter;33;Penstemon digitalis
B033;exporter;33;Coreopsis lanceolata
B033;exporter;33;Potentilla fruticosa
B033;exporter;33;Veronicastrum virginicum
B033;exporter;33;Agastache neptoides
B033;exporter;33;Silphium perfoliatum
B033;exporter;33;Lobelia siphilitica
B033;exporter;33;Solidago canadensis
B034;neutral;34;Achillea millefolium
B034;neutral;34;Allium fistulosum
B034;neutral;34;Anthemis tinctoria
B034;neutral;34;Borago officinalis
B034;neutral;34;Calendula officinalis
B034;neutral;34;Camelina sativa
B034;neutral;34;Campanula rapunculoides
B034;neutral;34;Carduus nutans
B034;neutral;34;Centaurea cyanus
B034;neutral;34;Centaurea jacea
B034;neutral;34;Cichorium intybus
B034;neutral;34;Coriandrum sativum
B034;neutral;34;Daucus carota
B034;neutral;34;Echium vulgare
B034;neutral;34;Fagopyrum esculentum
B034;neutral;34;"Helianthus annuus ""Pollensorte"""
B034;neutral;34;Hypericum perforatum
B034;neutral;34;Isatis tinctoria
B034;neutral;34;Knautia arvensis
B034;neutral;34;Leucanthemum ircutianum/vulgare
B034;neutral;34;Linum grandiflorum
B034;neutral;34;Linum usitatissimum
B034;neutral;34;Lotus corniculatus
B034;neutral;34;Malva moschata
B034;neutral;34;Malva sylvestris
B034;neutral;34;Medicago lupulina
B034;neutral;34;Medicago sativa
B034;neutral;34;Melilotus albus
B034;neutral;34;Melilotus officinalis
B034;neutral;34;Onobrychis viciifolia
B034;neutral;34;Origanum vulgare
B034;neutral;34;Papaver rhoeas
B034;neutral;34;Pastinaca sativa
B034;neutral;34;Phacelia tanacetifolia
B034;neutral;34;Plantago lanceolata
B034;neutral;34;Reseda lutea
B034;neutral;34;Reseda luteola
B034;neutral;34;Salvia pratensis
B034;neutral;34;Sanguisorba minor
B034;neutral;34;Silene dioica
B034;neutral;34;Silene latifolia ssp. alba
B034;neutral;34;Silene vulgaris
B034;neutral;34;Sinapis alba
B034;neutral;34;Sinapis arvensis
B034;neutral;34;Solidago virgaurea
B034;neutral;34;Tanacetum vulgare
B034;neutral;34;Trifolium incarnatum
B034;neutral;34;Verbascum densiflorum
B034;neutral;34;Verbascum nigrum
B034;neutral;34;Vicia sativa
