"","Authors","Title","Abstract"
"1","Sáez, Agustín; Sabatino, Malena; Aizen, Marcelo","La diversidad floral del borde afecta la riqueza y abundancia de visitantes florales nativos en cultivos de girasol","The floral diversity of field margins influences the richness and abundance of native flower visitors in sunfower felds: Pollinator decline has been related to different types of anthropogenic disturbances, a topic largely debated in the context of global change. Within this debate, it has been stressed the importance of natural or semi-natural habitat remnants as pollinator sources for nearby agricultural fields. The SW of Buenos Aires Province is a highly-impacted and intensively-used agricultural region. However, field margins associated with country roads can provide diverse foristic resources and nesting sites for a variety of pollinators, which can eventually improve pollination and productivity of neighboring pollinator-dependent crops. Here, we evaluated the effect of floral diversity of field margins on the richness and abundance of foral visitors across 17 sunflower lots in the districts of Balcarce and Lobería. Our results indicate that floral diversity of field margins had a positive effect on the richness and abundance of native floral visitors in the adjacent crop field. As a consequence, pollination services in these agroecosystems would be promoted by increasing the amount and diversity of these marginal habitats."
"2","Dutra, Alek Sandro; Medeiros Filho, Sebastião; Teófilo, Elizita Maria; Diniz, Fábio Oliveira","Germinação de sementes de Senna siamea (Lam.) H.S. Irwin E Barneby: Caesalpinoideae","Senna siamea is a tree from Thailand that has adapted well to the climatic conditions of the Northeast of Brazil, that has been used for arborization, hedges and timber production. This research was divided in two experiments that aimed to identify methods to break dormancy and verify how temperature and light can affect germination of its seeds. In the experiment the germination percentages of hard and dead S. siamea seeds were determined using the treatments: humid heat, immersion in sulfuric acid and hot water, mechanical scarification, aiming at breaking dormancy and the control. In the second experiment, S. siamea seeds that had been immersed in sulfuric acid were placed on filter paper and submitted to five light period/temperature combinations: continuous light and constant temperature (25ºC), continuous light and two different temperatures (35ºC/8h and 20ºC/16h), continuous dark and constant temperature (25ºC), continuous dark and two different temperatures (35ºC/8h and 20ºC/16h), and different light periods and temperatures (light/35ºC/8h and dark/20ºC/16h). From the experiments it was concluded that S. siamea seeds present dormancy. The best treatments for breaking dormancy were mechanical scarification and sulfuric acid. The seeds were indifferent to the light and their germination was not influenced by the tested temperatures."
"3","Costa, Benedito Marques da; Capinan, Gean Carlo Soares; Santos, Heloisa Helena Moura dos; Silva, Maxuel Alves da","Métodos de plantio de gliricídia (Gliricidia sepium (Jacq.) Walp.) em estacas para produção de forragem","Gliricidia sepium has been used as shade tree in cocoa plantations, living fences, wood, fuel wood and livestock forage. It can be grown from seeds and from cuttings or stakes. This experiment was carried out to evaluate five grown methods from Gliricidia cuttings in other to identify the one showing highest stake sprouting indexes, forage production and least implantation costs. The experiment was in a randomized block design with five treatments and five replications. The treatments were the followings: 1) stakes with 1m in length placed vertically in pits; 2) stakes with .5 m in length placed vertically in pits; 3) stakes with .25 m in length placed vertically in pits; 4) stakes with 1 m in length placed horizontally in furrows; 5) stakes with .5 m in length placed horizontally in furrows. Stakes with 1m in length placed vertically in pits (method 1) or placed horizontally in furrows (method 4), after 14 days from harvesting, are the most recommended methods since they showed the least costs in expending time to prepare the cutting stakes and for planting operations, providing better profits per hectare, when the incomes from dry matter productions are taken into consideration."
"4","Alves, Edna Ursulino; Bruno, Riselane de Lucena Alcântara; Oliveira, Ademar Pereira de; Alves, Adriana Ursulino; Alves, Anarlete Ursulino; Paula, Rinaldo Cesar de","Influência do tamanho e da procedência de sementes Mimosa caesalpiniifolia Benth. Sobre a germinação e vigor","Mimosa caesalpiniifolia Benth. is a native species from the Northeast region, Brazil, which has been increasingly cultivated from the States of Maranhão to Rio de Janeiro. It presents great potential for urban forestry, hedging and wood production. The present research had as objective to evaluate the influence of the provenance and seed size on the germination and vigor of Mimosa caesalpiniifolia Benth. An experiment was conducted at the Laboratory of Seed Analysis of CCA-UFPB, Areia, Paraíba State, Brazil in a completely randomized design with the treatments arranged in a 3x3 factorial, with three provenances and three size classes , four replicates of 25 seeds. The following characteristics were analyzed: 100-seed weight, seed dimensions, percentage and first counting, germination speed, length and weight of dry matter of primary root and hypocotyl and weight of cotyledon dry matter . It was verified that the germination was not influenced by seed size, however, it was influenced strongly by the provenance. The tests of first count and germination speed were not shown appropriate for seed vigor evaluation, being this better appraised by cotyledon and hypocotyl dry matter. Seed vigor was directly related with size, being thus justified the use of size classes for seedling production."
"5","Moreira-González, Ileana; Arnáez-Serrano, Elizabeth; Castillo-Ugalde, Marvin; Briceño-Elizondo, Elemer; Arias-Aguilar, Dagoberto","Use of pruning in the agricultural management of Jatropha curcas (jatropha) for the plant flower development, in Costa Rica","Abstract The species Jatropha curcas (jatropha) is characteristic of the Mesoamerican region, with its center of origin found in Mexico. It has been adapted for its use as hedge rows and also exploited, based on traditional knowledge for medicinal applications. Currently, it is classified as a valuable species for the production of oils; for biofuels or as paint diluents. In Costa Rica, since 2005, studies have been performed to achieve the positive domestication for the use of this species as an agro-energetic crop along with another food crop. However, the crop management processes are still very recent and it is required to deepen in this subject to obtain a crop of a high economic value. At the Estación Fabio Baudrit, a crop was established, using seeds from the Comayagua variety and an assay was established, in which a strict assessment was performed to random blocks, of the plants length in order to execute the first prune at 40 cm. Later, the blocks were also tracked, to evaluate the branches until the flowering and harvesting stages. The yield of green fruits behaved similarly to the inflorescence and the female flower production. The pruned plants did not present a significant difference in terms of fruit yield for the first year; but in the second year, they exceeded the production of the unpruned plants."
"6","Parentoni, Sidney Netto; Miranda, Rubens Augusto de; Garcia, João Carlos","Implications on the introduction of transgenics in Brazilian maize breeding programs","Transgenic maize was approved in Brazil in 2008/2009. In 2012, it occupied 73% of the country maize growing area. This high adoption rate confirms studies indicating that technology use has been the major driving force in Brazilian agriculture. Maize seed market in the world has been a concentrated sector. Although, when this sector is associated with transgenesis, this concentration increases sharply. In one side, there is the idea that companies can benefit from gains of scale and complementarities to maximize their efficiency in research and development (R&D). On the other side, this concentration may allow the exercise of market power by dominant companies. The objective of this study is to analyze the impacts of the adoption of transgenic technology in the arrangements of maize breeding programs and seed production sector in Brazil. A critical analysis of the situation of the breeding programs that do not have this technology is made."
"7","Cepeda-valencia, Juliana; Gómez P, Diana; Nicholls, Clara","La estructura importa: abejas visitantes del café y estructura agroecológica principal (EAP) en cafetales","Cross pollination in coffee increases their quality and the efficiency of pollination has a positive trend with richness of pollinators. The Main Agroecological Structure (MAS) is a new concept to identify and characterize the agroecosystems. The method uses local variables related with agricultural management, landscape and cultural variables. As a first approach to study the relationship between MAS and pollination, we characterized nine systems (five coffee farms, four forests) located in Cundinamarca, using ten local variables, the distance to the forest as a landscape variable and bees (visitors of coffee flowers). The field work was done during the flowerings of 2011 y 2012. After the capture, bees were identified and the pollen loads were analyzed. We found 130 bees of the subfamilies: Halictinae (three species), Megachilidae (one species) and Apinae (nine species). Trigona was the richest genera. The most common visitors of coffee flowers were Apis mellifera and Paratrigona eutaeniata. The bees richness was positive related with plants richness (P = 0.031, R² = 0.96) and the forest proximity (P = 0.0075, R² = 0.52), Also, we found a negatively trend with the increase in coffee density (P = 0.045, R² = 0.67). In the analysis of the pollen loads we identified trees, herbs and epiphytes species, this suggested that bees foraging in all vegetation strata. In this analysis we also found species related with the coffee system and others more related with forest and hedges. We concluded that a change in MAS affecting bee's composition and richness, and preserving richness of bees, implies protection of plant diversity inside the coffee farm and also the maintenance of nearby ecosystems."
"8","BAHIENSE, DOUGLAS VIANNA; SOUZA, PAULO MARCELO DE; PONCIANO, NIRALDO JOSÉ","INCENTIVOS À PRODUÇÃO DE FRUTAS E AS MUDANÇAS NA AGRICULTURA DA REGIÃO NORTE DO ESTADO DO RIO DE JANEIRO","The agricultural economy of the North region of Rio de Janeiro is historically dependent on sugarcane production. In an attempt to reduce such dependence, incentives for the development of fruit production in the region have been adopted, particularly through the “Frutificar” Program (Bear fruit Program). This research aims to evaluate the impacts of the mentioned program, especially its contribution to increase the fruits production and raise the diversification of regional agriculture. The analysis was performed by using the shift-share model, geometric rates of growth and the Diversification Index. It was observed reduction in agricultural area of ??the region, particularly associated with the fall in areas cultivated with sugar cane, rice, corn and beans. In the period of the “Frutificar” Program incentives, there were an increase in the production of pineapple, banana and coconut, which contributed to the diversification of the regional agricultural economy. However, this economy still remains heavily dependent on sugarcane."
"9","Fachinello, José Carlos; Pasa, Mateus da Silveira; Schmtiz, Juliano Dutra; Betemps, Débora Leitzke","Situação e perspectivas da fruticultura de clima temperado no Brasil","Fruticulture is present in all Brazilian states, and as economic activity, involves around five million people, directly and indirectly. Brazil is the third largest fruit producer, with output of around 40 million tons a year, but has only 2% of global trade industry, which demonstrates the high domestic consumption. The Brazilian fruit growing area is approximately 1.9 million hectares of which 1,034,708 hectares of tropical fruits, 928,552 ha of subtropical fruits and 135,857 ha of temperate species. Among the fruits of temperate climate, are table and wine grapes (81,677 ha), apples (39,081 ha), peaches, plums and nectarines (19,102 ha), persimmons (8,740 ha), strawberries, blackberries, raspberries , blueberries (3,560 ha), figs (3,072 ha), pears (1,404 ha) and quinces (211 ha). Even with a smaller area than the species of tropical and subtropical climate, the temperate fruits have a social importance, highlighted in several regions of southern Brazil, which corresponds to the states of Rio Grande do Sul, Santa Catarina, Parana, of southeastern Brazil, Sao Paulo and Minas Gerais, and in the São Francisco Valley region, in northeasten Brazil, either as fresh crops, agribusiness and/or agrotourism. Brazilian exports of fruits in recent years have been very positive, both in volume and in value. In 1998 Brazil exported 294,222 tons of fruits, whereas in 2008 exported 887,978 tons, representing a 201.8% increase in export volume. The main fruits that contributed to this significant increase were melon, mango, banana, apple and grape, with an increase in export volume between 1998 and 2008 of 226, 242, 91, 948 and 1766% respectively. The production of quality fruits in the temperate regions of southeastern Brazil needs genetic and breeding programs and studies on agricultural management, as well as on plant physiology to adapt them to the mild winter and to the range of temperatures, very frequent in major Brazilian regions. The long summers and precipitation excess cause many diseases and pests, which often requires pesticide treatments in excess. The management of the orchards with integrated fruit production is enabling the production of high quality fruits and at the same time is reducing the environmental impact of the activity. The challenges are related to climate changes, the necessity of pesticide use reduction and supplies, the fruit handling pre-and post-harvest, and to the need for logistics to suit the different markets, the control of pests and diseases and the breeding programs, in order to meet the new demands of each temperate species."
"10","Alves, Greigiano José; Gomes, Marília Fernandes Maciel; Almeida, Fernanda Maria; Gonçalves, Lílian Valeriano","Impacto da regulamentação SPS e TBT nas exportações brasileiras de uva no período de 1995 a 2009","The grape production chain has unique importance regarding to generate income and employment for many regional economies. However, in recent years, international trades in this sector, as well as the entire fruit sector, have been facing the imposition of various non-tariff measures, including sanitary, phytosanitary and technical. Thus, this paper analyzes the effects of sanitary, phytosanitary and technical rules imposed by importing countries of the Brazilian grape, from 1995 to 2009. To this end, we made an analysis of inventory and an econometric approach, in which we used the gravity model, in order to verify the impact of such measures on the Brazilian shipments of grape. The results found in the inventory analysis showed a positive relationship between changes in the number of notifications and import trends. As for the econometric model, the possibility of such measures have negatively affected the trading was disregarded and, in the case of sanitary and phytosanitary measures, a positive relationship with grape exports was found, i.e., they helped trades and effects of technical measures on exports were zero."
"11","Rathmann, Régis; Hoff, Debora Nayar; Santos, Omar Inácio Benedetti; Padula, Antônio Domingos","Diversificação produtiva e as possibilidades de desenvolvimento: um estudo da fruticultura na região da Campanha no RS","Studies indicate the existence of a situation of underdevelopment in the southern half of Rio Grande do Sul, directly correlated with the farming and rice culture crises. The later suffers from the macroeconomic policies linked to the opening of the economy and with the pressures of the increase of competitiveness. This process has made the region present inferior performances than State averages when indicators such as GDP and per capita income are analyzed. Seeking to reduce these inequalities, governmental sectors have been elaborating development strategies through the utilization of the regional agricultural vocation as well as the insertion of differentiated chains in local agribusiness. One of these experiences is the Program for the Development of Irrigated Fruit Culture in the Southern Half/RS. Within this context, this article has the objective of presenting the results observed in the GDP and HDI of two municipalities located in the Campanha Region of Rio Grande do Sul, and also to present the effects observed on the life quality of the producers after the implementation of fruit culture in their properties. Based on the data collected and the methodology chosen, it can be said that the productive diversification of rural properties contributes in the improvement of the producers' life quality, having positive effects on the per capita GDP and HDI of the municipalities studied."
"12","Curzel, V.; Paredes, M.","La actividad frutícola en los Valles Templados de Jujuy, Argentina: caracterización del sector","Abstract: In Jujuy province, in the extreme north-west area of Argentina, four environmental regions are distinguished: temperate valleys, warm valleys, quebrada and puna. The temperate valley is a humid valley with a temperate climate in winter, with 350 to 550 estimated chill hours. It has 30,000 ha under irrigation. Its main productive activity is tobacco, but horticulture and fruit growing are also carried out there. Fruit production is a viable and economical alternative. Fruit trees, like almond, fig, custard apple and peach, were introduced more than 50 years ago. Peach production is the activity that keeps growing and incorporating technology. The cultivars grown in the area have first and extra-prime characteristics, harvest from September to December. The ecological conditions of the temperate valleys, due to its mild annual weather conditions, are suitable for very early production, like in no other area of the country, with which it obtains great competitive advantages in national markets; annually, 1,300 tons of peaches enter the Central Market of Buenos Aires from Jujuy. The entry of this prime fruit marks the trend of the season and makes it the main prime peach area in Argentina. This commercial opportunity is also seen from the analysis of the seasonality of the market offer of species, such as nectarines, plums, cherries and apricots. The institutions in the area (inta-fca-unju) work jointly with the fruit sector, and important advances in production technology have been made: planting densities, harvest rates, color chart to determine harvest, market information, market studies and analysis of commercial opportunities, crop management and genetic improvement."
"13","Menteguiaga, Clarisa","Antropoceno y diseño","Abstract Anthropocene is the name given to the geological era in which we live affected by the activity of humanity, in which there have been major breaking off in our relationship with nature, with catastrophic effects such as global warming. In the current context of serious environmental threats, Design should not be kept out. The visual arts have been addressing these problems for more than five decades and Design is awakening to these needs in a powerful way, through reuse, recycling and the development of new materials. Among the Sustainable Development Goals set by UN, responsible production and consumption promotes the efficient use of resources and reducing degradation and pollution. Each part of the chain is of vital importance. Creators today understand that sustainability is an essential part of their work, although there is still need for more work, research and commitment from businesses and the industrial sector to drive the profound changes that are needed. This text addresses different projects (already implemented or in the prototyping and testing stage) that explore urgent problems through interdisciplinary proposals of Science and Design which, regardless of their final success, provide positive signals to the community contributing to create a mood of change. Cassava, prickly pear, pineapple leaves, corn starch, avocado seeds, sugar cane, beets, polylactic acid and kombucha are some of the new raw materials which are regarded as tending to the circularity of the processes."
"14","CASTRO, ÉRIKA BEATRIZ DE LIMA; MELO, RAYLSON DE SÁ; COSTA, EMANUEL MAGALHÃES DA; PESSOA, ANGELA MARIA DOS SANTOS; OLIVEIRA, RAMONY KELLY BEZERRA; BERTINI, CÂNDIDA HERMÍNIA CAMPOS DE MAGALHÃES","CLASSIFICATION OF Phaseolus lunatus L. USING IMAGE ANALYSIS AND MACHINE LEARNING MODELS","ABSTRACT Image analysis combined with machine learning models can be an excellent tool for classification of fava (Phaseolus lunatus L.) genotypes and is a low-cost system. Fava is grown by family farmers, mainly, in the Northeast and South regions of Brazil, presenting economic and social importance. Evaluations to gather information on qualitative and quantitative characters of seeds enable the description and distinction of genotypes, allowing the evaluation of variability of plant species, which is essential in breeding programs. The use of image analysis is a fast and economic tool for obtaining large quantity of information. Machine learning techniques have been developed and implemented in the agricultural sector due to technological advances and increasing use of artificial intelligence, which enables the automatization of several processes. In this context, the objective of this work was to evaluate different machine learning models to classify fava genotypes, using data obtained through image analysis. Images of fava seeds were captured using a table scanner (HP Scanjet 2004), set to true color mode, arranged upside down inside of an aluminum box fully closed during the capture of the images for an adequate illumination and prevention of environmental noises. The K-Nearest Neighbor, Naive Bayes, Linear Discriminant Analysis, Support Vector Machine, Gradient Boosting, Bootstrap Aggregating, Classification and Regression Trees, Random Forest, and C50 models were used for the study. Linear Discriminant Analysis was the model that presented the highest efficiency for classifying the genotypes, with an accuracy of 90%."
"15","Oliveira, Emerson Flores de; Santos, Patricia Resplandes Rocha dos; Santos, Gil Rodrigues dos","Seeds of weeds as an alternative host of phytopathogens","ABSTRACT: Weeds compete with agricultural crops for water, light, nutrients and space, besides having an extensive seed bank. However, another aspect to be considered relates to few studies pointing out weeds as hosts of phytopathogenic fungi. Many fungi, the main cause of diseases in plants, are known to use seeds as an efficient means of survival and dispersal. The objective of this work was to evaluate the health of weed seeds and the pathogenicity of fungi associated to plants of agricultural importance. The seeds were collected manually in Cerrado areas located in the municipality of Gurupi, Tocatins, Brazil. The blotter test method was used to evaluate seed health. The incidence of fungi was evaluated through an individual analysis of seeds using a stereoscopic and an optical microscope. The pathogenicity of fungi from weed seeds was evaluated by inoculation in plants of agronomic interest and, when pathogenic, we inoculated them in the host plant of the fungus. Weed seeds have been identified in fungi of the genus Alternaria, Aspergillus, Bipolaris, Cladosporium, Curvularia, Fusarium, Nigrospora, Papularia, Rhizopus and Pythium. The seeds of Acanthospermum australe, Bidens pilosa, Cenchrus echinatus, Digitaria horizontalis, Echinochloa crus-pavonis, Eleusine indica, Ipomoea sp., Pennisetum setosum, Sida rhombifolia, Spermacoce latifolia, Tridax procumbens and Vernonia polyanthes carry and disseminate fungi that, once inoculated, cause infection in plants of agricultural importance, such as Oryza sativa, Phaseolus vulgaris, Vigna unguiculata, Zea mays and Glycine max."
"16","Fernandes, Celso Dornelas; Verzignassi, Jaqueline Rosemeire; Mallmann, Guilherme; Queiróz, Carolina de Arruda","Controle químico da mela-das-sementes e do carvão em cultivares de Brachiaria brizantha","ABSTRACT Brazil is the world’s largest producer, consumer and exporter of seeds of tropical forage species. However, production has been threatened by the presence of fungi and phytonematodes, which may reduce the productivity and / or the quality of produced seeds, besides constituting sanitary barriers for several countries that import these seeds. Considering Brachiaria spp., the main diseases are honeydew and smut in the seeds, caused by the fungi Claviceps maximensis and Ustilago operta, respectively. Despite the great demand by the productive sector, there are few studies related to control strategies for these diseases. Thus, this study was carried out with the aim of evaluating fungicide efficiency in the control of these diseases. Four experiments were implemented, two of them in Embrapa Gado de Corte, in Campo Grande-MS, and two in Paraíso das Águas-MS. The cultivars BRS Piatã and Xaraés, both belonging to Brachiaria brizantha, were used. The effects of several fungicides (g ai / ha) were evaluated; they were applied in three periods for Campo Grande: plants with 10% anthesis, 20 and 40 days after the first application. In Paraíso das Águas, fungicides were applied only once, in plants with 10% anthesis. For the cultivar BRS Piatã, in Campo Grande, the best results for honeydew control were obtained with treatments T7 (trifloxystrobin + cyproconazole (150.0 + 64.0)) and T11 (first application: pyraclostrobin (97.5) + epoxiconazole (60.0), second application: tebuconazole (120.0), third application: pyraclostrobin (97.5) + epoxiconazole (60.0)). For the cultivar BRS Xaraés, the disease was less expressive with treatments T4 (pyraclostrobin (175.0)), T6 (azoxystrobin + cyproconazole (80.0 + 32.0)), T9 (first application: pyraclostrobin (175.0), second and third application: pyraclostrobin + epoxiconazole (99.75 + 37.5)) and T11 (first application: pyraclostrobin (97.5) + epoxiconazole (60.0), second application: tebuconazole (120.0), third application: pyraclostrobin + epoxiconazole (97.5 + 60.0)). There was no occurrence of smut for both cultivars in Campo Grande. For BRS Piatã, in the experiment at Paraíso das Águas-MS, although the intensity of honeydew and smut was not significant, with treatment T4 (pyraclostrobin (175.0)), the yield of pure seeds was 69.6% higher than that of control, producing 456.78 kg/ha, which demonstrates a high benefit/cost ratio using this treatment. This result with T4 may have been the expression of physiological effects caused by pyraclostrobin. Fungicide application on the aerial part of Brachiaria brizantha plants cv BRS Xaraés in Campo Grande, where there was high incidence of the fungi Alternaria spp., Bipolaris spp., Curvularia spp., Fusarium spp. and Phoma spp. in the seeds, showed the beneficial effect of the treatment, especially T7 (trifloxystrobin + cyproconazole (150.0 + 64.0)), which significantly reduced the occurrence of Bipolaris spp., Fusarium spp. and Phoma spp. In Paraíso das Águas, where the incidence of these pathogens was lower, results were not conclusive."
"17","Ribeiro, Claudia SC; Souza, Karina RR; Carvalho, Sabrina IC; Reifschneider, Francisco JB","BRS Juruti: the first Brazilian habanero-type hot pepper cultivar","ABSTRACT: The Habanero hot pepper group is not well known in Brazil, despite its origin in the Amazon. Nevertheless, domestic and international markets have been increasing the demand for this type of hot pepper. The Brazilian agroindustry is interested in supplying part of this demand with high quality products and competitive prices, and it needs well-adapted cultivars. To fill this gap, Embrapa Vegetables developed the Habanero pepper cultivar BRS Juruti, which meets the demands of both the market for fresh fruit and the processing agroindustry of mash and sauces. Cultivar BRS Juruti has red fruits and yielded around 50 t/ha (36,000 plants/ha). Fruit pungency is circa 260,000 SHU and fruits have high content of vitamin C (122 mg/100 g). BRS Juruti is resistant to several viruses, Oidiopsis sicula, and Meloidogyne javanica, and presents intermediate resistance to key bacterial diseases; and is highly uniform in comparison with the original population. Cultivar BRS Juruti is recommended for open field (specially adapted to the Central Region of Brazil), as well as greenhouse/screenhouse cultivation. BRS Juruti has been registered (RNC 32010) and protected (DOU 01/09/2015) in theBrazilian Ministry of Agriculture, Livestock and FoodSupply (MAPA). Breeders' seed is being made available to interested parties in the private sector."
"18","Santos, Nilmara Mércia de Souza Sá; Queiroz, Mário Adriano Ávila; Araújo, Gherman Garcia Leal de; Costa, Samir Augusto Pinheiro; Albuquerque, Ítalo Reneu Rosas de; Moura, José Helder Andrade; Garrido, Marlon da Silva; Manera, Daniel Bomfim","Salinidade na água de beber de ovinos e uso dos dejetos em cultivo de plântulas de milho","The objective of this study was to characterize and to evaluate the emergence and survival of maize seeds, as well as growth, dry mass of shoot and root dry mass of seedlings grown with manure of sheep fed with water with different levels of total dissolved solids (TDS) -640, 3188, 5740 and 8326 mg-1. The study was conducted in the greenhouse industry seedling production at Embrapa Semi-Arid in Petrolina-PE. The experimental design was completely randomize with four treatments and ten replicates. Data were analyzed using orthogonal contrasts and polynomial regression. It was significant (P<0.05) in the rate of emergence estimated by regression that the best substrate should contain until 1811 SDT in drinking water for this variety of corn. However, the biomass of shoot and root, the percentage of survival and seedling height have not been changed (P>0.05)."
"19","Araujo R, O.; Souza, I.A.; Sena, K.X.F.R.; Brondani, D.J.; Solidônio, E.G.","Avaliação biológica de Foeniculum vulgare (Mill.) (Umbelliferae/Apiaceae)","Foeniculum vulgare Mill. (Umbelliferae) is a herbaceous plant of the family Umbelliferae, native to the Mediterranean and Asia Minor region and widely distributed all over the Brazilian territory. It is commonly known as fennel or erva-doce and has been used in medicine as analgesic, digestive, carminative, diuretic, expectorant, lactigenous, anti-inflammatory, and antispasmodic agent. Crude ethanolic extract for the verification of biological activities was prepared from seeds bought in the market. For the phytochemical profile, analytical thin-layer chromatography was used; the antimicrobial activity was determined by the paper disc diffusion test and minimum inhibitory concentration (MIC); the antinociceptive activity was verified by the method of abdominal writhings in the animals. The tested microorganisms were multiresistant clinical isolates obtained from the Bacteriology Sector of the Clinical Hospital of Pernambuco. The phytochemical study identified the majority of secondary compounds present in the methanolic fraction of seeds, as follows: triterpenes, flavanoid glycosides, smaller terpenes (monoterpenoids, sesquiterpenoids and diterpenoids) and reducing sugars. The obtained results showed that the ethanolic extract had greater activity against Micrococcus spp. (MIC=250µg/mL). Results of the evaluation of the antinociceptive activity demonstrated that only the dosage of 298 mg/Kg, compared to the indomethacin pattern, led to a significant reduction in the number of abdominal writhings in the animals. Further studies will be carried out for the identification and isolation of some secondary compounds, as well as other analgesic protocols."
"20","von Baer, Erik; von Baer, Ingrid; Riegel, Ricardo","Pecosa-Baer: A New Cultivar of New Cultivar Cultivar of White Lupin with Determined Bushy Growth Habit, Sweet Grain and High Protein Content","The expansion of white lupin (Lupinus albus L.) cultivation in Chile is subject to the availability of cultivars presenting high yield potential, tolerance to the main fungal diseases and homogeneous ripening. In response to these requirements, a new cultivar has been developed and registered as ‘Liapec->1’, commercially registered as ‘Pecosa-Baer’. This new cultivar has determined bushy growth habit. Its flowering period is concentrated in approximately 40 days, less than the 77 days of cv. Rumbo-Baer. This trait allows it to reach harvest without heterogeneity problems. The seed is speckled, flat and medium-sized (370 g/1000 grains aprox.). The kernels are sweet and have a high protein content of around 41% (dry matter basis). In field assays, ‘Pecosa-Baer’ presents a good tolerance to diseases caused by Colletotrichum lupini and Pleiochaeta setosa. The new cultivar has outstanding stability and yield levels, even under low fertilization conditions. An average yield of 5.43 t ha-1 was obtained over four seasons in two locations. In order to maximize its yield, ‘Pecosa-Baer’ must be sown between April and June at a rate of 140-160 kg ha-1. Given the high protein content and low alkaloid levels of the seeds, they can be included in the diet of all types of animals."
"21","Maia, Ozana Maria de Andrade; Oliveira, Carlos Amadeu Leite de","Suscetibilidade de cercas-vivas, quebra-ventos e plantas invasoras ao vírus da leprose e sua transmissão para laranjeiras por Brevipalpus phoenicis (Geijskes) (Acari: Tenuipalpidae)","The objective was to evaluate the potential of some common plants in and around citrus orchards to host the leprosies virus, transmitted by the mite Brevipalpus phoenicis (Geijskes).It was used the following plants: Hibiscus sp. L., Malvaviscus mollis DC., Grevillea robusta A. Cunn., Mimosa caesalpiniaefolia Benth., Bixa orellana L., Commelina benghalensis L., Bidens pilosa L., Sida cordifolia L. and Ageratum conyzoides L.. Two stock colonies of the mite were set up; one on fruits with leprosies symptoms and other on fruits without symptoms. Two leaves were selected from each host plant, on which mites reared on fruits with leprosies lesions, and were confined during seven days. Subsequently, the mites were transferred to citrus seedlings variety Natal and Valencia and taken to a greenhouse. The leaves infested with mites were removed and placed on cotton and filter paper in Petri dishes. Mites reared on fruit without leprosies lesions were allowed to feed on the host plant leaves during three days, and were then transferred to citrus seedlings, which were taken to the greenhouse. After 60 days, the number of lesions on the citrus seedlings was counted. The mites continued to transmit the virus to citrus seedlings, even after seven days of feeding on the host plants. Mites reared on fruit without leprosies lesions, acquired the virus and transmitted it to citrus seedlings when kept on C. benghalensis, A. conyzoides, B. pilosa, S. cordifolia or B. orellana leaves on where mites from leprosies lesions had been previously reared. It was conclude that these plants can be depositories and sources for transmission of leprosies virus to susceptible citrus plants."
"22","Schuch, Márcia Wulff; Tomaz, Zeni Fonseca Pinto","Advances in the spread of vegetative blueberry","Abstract The lack of an efficient method of propagation in some cultivars makes it difficult to expand the blueberry culture. In Brazil, we still do not produce seedlings with needed quality and quantity to improve the sector. The cloning of the selected material through mini propagation and micro propagation is an alternative to increase the multiplication and rooting capacity of the blueberries. Allied to this, the use of cultivation system without soil for the development of cloned material facilitates the seedlings production. In addition, we can keep matrices in small spaces with the use of mini-gardens and clonal micro-gardens controlling climatic and nutritional factors. In the Laboratory of Fruit Plants Propagation, of the Phytotechnology Department of the School of Agronomy Eliseu Maciel of the Federal University of Pelotas we have searching for more than ten years the micro propagation and the mini propagation allied to the clonal gardens kept in a protected place, reducing the physical space and improving phytosanitary control. The experiments carried out brought important information regarding to the vegetative propagation of the blueberry to improve the seedling production process for this species. In this way, researches that have been realized seek to generate knowledge about the best way of propagating and conducting this fruit."
"23","Costa Junior, Euvaldo de Sousa; Barbosa, Mayara Suzanne de Melo; Silva, Cândida Maria Anjos da; Silva, Raíra Carine Santana da; Kiill, Lucia Helena Piedade; Beckmann-Cavalcante, Márkilla Zunete","Vegetative propagation of Rhaphiodon echinus Schauer (Lamiaceae): effects of the period of cutting in rooting, cuttings arrangement and IBA concentrations for seedlings production","ABSTRACT One of the tendencies in the floriculture sector, whether in modern landscaping or floral art, is related to the insertion of innovations in the sector, mainly of native origin. For this it is necessary to establish strategies that favor the introduction of these materials. Among the species that present ornamental potential, Rhaphiodon echinus Schauer has been outstanding for groundcover; however it is necessary to establish the proper propagation protocol for the species. In this sense, the objective was to evaluate the vegetative propagation process of this species considering the period of cutting in rooting, cuttings arrangement and IBA concentrations for seedlings production. The experiment was carried out in a sub-split plots scheme with the period of cutting in rooting in the plots (30 and 60 days), the cuttings arrangement (horizontal and vertical) in the subplots and the IBA concentrations (0; 1,000; 2,000 and 4,000 ppm) in sub-subplots. The following variables were evaluated: survival cuttings, percentage of rooted cuttings, number of sprouts per cuttings, average length of the largest root, root volume, shoot dry biomass and root dry biomass. There was a significant interaction between the period of cutting in rooting and the cuttings arrangement for survival cuttings and rooted cuttings; between the period of cutting in rooting and the concentration of IBA for shoot dry and between the cuttings arrangement and concentration and IBA for the percentage of rooted cuttings, number of sprouts per cuttings and root dry biomass. For average length of the largest root and root volume there was a significant effect for period of cutting in rooting and IBA concentrations individually. The period of cutting in rooting of 30 days is the most suitable for rooting the cuttings. In relation of the cuttings arrangement the most indicated is vertical. Finally, the concentration of 1,000 ppm of IBA can be indicated for the propagation of R. echinus by the cutting process."
"24","Souza, Denys Matheus Santana Costa; Xavier, Aloisio; Otoni, Wagner Campos; Miranda, Natane Amaral; Maggioni, Joane Helena","LIGHT QUALITY IN THE IN VITRO INTRODUCTION OF Corymbia HYBRID CLONES","ABSTRACT Micropropagation via axillary bud proliferation is recommended for rejuvenation or reinvigoration of selected clones, as well as for improving clonal seedlings rooting. The success of a micropropagation protocol depends on the in vitro introduction, since following phases, multiplication, elongation, and rooting can only take place once the aseptic crop with vegetative vigor has been established. This study aims to assess the effect of light on the in vitro introduction of hybrid clones of Corymbia torelliana x C. citriodora e Corymbia citriodora x C. torelliana by the micropropagation technique through proliferation by axillary buds. The mini-stumps, suppliers of explants for in vitro introduction, were conducted in semi-hydroclonal mini-clonal hedge. Nodal segments from three Corymbia torelliana x C. citriodora (TC01, TC02 e TC03) clones and one Corymbia citriodora x C. torelliana (CT01) clone were collected, disinfested and inoculated in JADS culture medium, in order to compare the effects of light quality from a dark/fluorescent lamp, a fluorescent lamp, and white and red/blue LEDs. At 30 days after inoculation, the following characteristics were evaluated: average contamination percentage, oxidation, non-reactive explants, shoot length and average number of shoots per explant greater than 0.5 cm. Gathered data showed that the use of red/blue LED light source obtained the best results in all assessed characteristics in the in vitro introduction."
"25","Ciriello, Eduardo; Mori, Edson Seizo","ROOTING OF GUANANDI (Calophyllum brasilienseCAMBESS) CUTTINGS USING INDOLE-BUTYRIC ACID","ABSTRACT Commercial reforestation of Brazilian native species to produce hardwood for sawmills has been recently intensified in the country. Among the potential species planted by the logging industry is guanandi (Calophyllum brasiliense Cambess) because it is widely distributed in the country, highly adapted to different soil and climate conditions, good bole form and high quality timber. The development of genetic improvement programs should prioritize gains in productivity and yields in the medium and long term. For such programs to be successful, the study of vegetative propagation techniques to abbreviate steps in forest improvement and allow its mass production is fundamental. To assess the viability of vegetative propagation of the species, two successive experiments were carried out during two years testing the best type of cutting, hormone concentration and management. Different cuttings types submitted to increasing doses of indole-butyric acid (IBA) were tested to evaluate survival, sprouting, rooting and callus formation. Results indicate that the species is viable for vegetative propagation with 85 to 90% rooting of cuttings from seedlings in the IBA concentrations of 3000 to 7000 mg.L-1. For the cuttings, sprouting from the base of adult trees 3000 mg.L-1 was the best concentration of IBA."
"26","Moreira, Francisco José Carvalho; Santos, Carmem Dolores Gonzaga; Innecco, Renato; Silva, Gilson Soares da","Controle alternativo de nematoide das galhas (Meloidogyne incognita) raça 2, com óleos essenciais em solo","The action of natural products on plant pathogens has been investigated with the aim of evaluating their effectiveness in the alternative control of diseases, especially in organic agriculture. The aim of the present study was to evaluate the effect of essential oils of rosemary pepper (Lippia sidoides) and citronella grass (Cymbopogon winterianus) on the control of M. Incognita race 2, in tomato (Solanum lycopersicum) and celosia (Celosia plicata). Thus, an assay was conducted in 6 x 2 factorial arrangement, with five replicates. It was carried out in a greenhouse of the Plant Health Sector of the Department of Phytotechny/CCA/UFC, in the period from April to June 2007. The seedlings used in this test were transplanted into plastic pots containing 2 kg of sterile soil, in which, at 24 hours after transplanting, 4,000 eggs/J2 of M. incognita, race 2, were inoculated, except for negative controls. For 50% of the number of pots, 100 ml of the solutions of each essential oil were soon applied to each pot at the concentration of 2.5 ml L-1. After 48 hours, the same amount was applied to the remaining pots. This volume corresponds to 60% of the field capacity of this substrate, which was previously calculated. The final evaluation was at 45 days after inoculation. The following variables were analyzed in relation to the nematode: number of galls (NG), number of eggs (NE), egg mass index (EMI), reproduction factor (RF), reproduction factor reduction (RFR). Regarding the development of plants, the measured parameters were: plant height, shoot fresh and dry weight, and fresh weight of the root system. The nematode reproduction revealed to be less efficient in tomato. The employed essential oils reduced the reproductive rate of the nematode by 83 and 29% in tomato and celosia, respectively. The times of application of essential oils differed as to the nematode reproduction for the number of galls and the reproduction factor."
"27","Souza, Aline das Graças; Faquin, Valdemar; Chalfun, Nilton Nagib; Souza, Ademária Aparecida","Produção de mudas de tangerineira 'Ponkan' em sistema hidropônico","The production in hydroponics of grafted seedlings has been used successfully for various crops, due to its precocity and absence of pathogens, mainly from the soil and substrates. This research was therefore carried out with the aim of studying the feasibility of the production of Rangpur-lime rootstock in a hydroponic system, by determining the optimal diameter of the rootstock for grafting onto the tangerine cultivar Ponkan, and by evaluating the production of the grafted seedlings. The experiment was conducted in two stages in a greenhouse in the Hydroponics Sector of the Department of Soil Science at the Federal University of Lavras in Minas Gerais. In the first stage, the growth of Rangpur lime rootstock (Citrus limonia Osbeck) was investigated. In the second stage, the optimal diameter of the rootstock for grafting was evaluated together with the viability of the production of seedlings of the tangerine cultivar Ponkan (Citrus reticulata Blanco) when grafted onto rootstock of the Rangpur lime. Both steps were carried out in a hydroponic system, using a completely randomized experimental design. The treatments of each experiment were times of evaluation (in weeks) consisting of five replications of five seedlings, giving a total of 25 rootstocks per tube. The rootstock of Rangpur lime with a diameter of 7mm, was the most suitable for the propagation of seedlings of the tangerine cultivar Ponkan (Citrus reticulata Blanco), presenting the best vegetative growth of the graft, with a protrusion time of 91 DAE, surpassing the time for the formation of the citrus seedlings obtained from the other diameters (4, 5 and 6mm). The hydroponic system was shown to be a viable technique for propagating citrus seedlings."
"28","Melo, Lucas Amaral de; Xavier, Aloisio; Takahashi, Elizabete Keiko; Rosado, Antônio Marcos; Paiva, Haroldo Nogueira de","Effectiveness of ascorbic acid and PVP in the rooting of clonal mini-cuttings of Eucalyptus urophylla x Eucalyptus grandis","The objective of this study is to evaluate the effectiveness of the antioxidants ascorbic acid and polyvinylpyrrolidone (PVP) in the rooting of mini-cuttings for three clones of Eucalyptus urophylla x Eucalyptus grandis. Mini-cuttings were gathered from a mini-clonal hedge which had been cultivated in concrete ducts containing washed sand. Five concentrations of each antioxidant were experimentally tested on each of the three clones (C1, C2 and C3). Assessments were done of mini-cutting survival and rooting rates when leaving the greenhouse and the shade house, as well as seedling survival and growth at age 50 days. Ascorbic acid was found to be beneficial to the mini-cuttings of the clone with a lower rooting percentage (C3), whereas PVP was found to be unbeneficial to the clones being studied."
"29","Santos, Caio Marcio Guimarães; Cerqueira, Reginaldo Conceição; Fernandes, Luíza Maria de Souza; Rodrigues, João Domingos; Ono, Elizabeth Orika","Efeito de substratos e boro no enraizamento de estacas de pitaya","Pitaya, a climbing fruit species belonging to the cactus family, has been largely commercialized in the Brazilian exotic fruit market. This study aimed to evaluate the effect of different substrates on the rooting of cladodes with the base immersed or not in boric acid solution. There was also evaluated the formation and initial development of roots, resulting in more vigorous, high-quality seedlings with higher survival rates. The experiment was carried out in a lath house of the Department of Plant Production, Horticulture Sector, College of Agronomical Sciences, Botucatu Campus, São Paulo State University (UNESP). The experiment was arranged in a complete randomized design, in a 4x2 (substrates x boron) factorial arrangement, with four replicates. Sixty days after the experiment establishment, shoot fresh and dry matter, root fresh and dry matter, and the highest root length were evaluated. The initial root growth and development of cuttings were affected by the substrates and boron. Sand+manure provided higher phytomass accumulation in the shoot and root system of red pitaya. Among the substrates, the treatment sand + cattle manure was the most suitable to produce more vigorous and high-quality seedlings."
"30","Phelps, Ronald P.","Recent advances in fish hatchery management","The advancement of aquaculture has often been bottlenecked because of the lack of seed, but once that bottleneck was overcome there was rapid growth. Recent examples of advances in hatchery technology leading to increased production are sea bream and Pangasius. Three areas contributing to the advancement of hatchery management are: brood stock management, induced spawning and larval feeding. Formulated diets have been developed for marine brood fish that are equal or better than the traditional raw fish diets. The importance of lipids and their composition in brood fish diets, particularly n-3 HUFAs has received much attention. The lipid composition of the brood diet is reflected in egg composition and egg quality. Protein quantity and quality in brood diets also impacts reproductive success and egg quality. The use of Gonadotropin-releasing hormone agonists (GnRHa) given as an injection or a slow release implant for induced spawning is becoming more widely used. The addition of dopamine antagonists with GnRHa may not be necessary to successfully induce spawn some species of fish. The use of GnRHa can advance the maturation of oocytes allowing such fish to be successfully induced spawned. Significant advances have been made in the development of formulated microdiets for larval fish. Such microdiets have been used successfully with young larvae reducing the need for live foods such as artemia. The quality of both live foods and formulated diets has been enriched with the use of fatty acids. Not only the quantity of n-3 HUFAs added to a diet impacts larval growth and survival but the ratios of specific n-3 HUFAs has an impact. Enrichment of live foods with amino acids can also improve larval fish growth and survival."
"31","Gabardo, Cleusa Valério; Hagemeyer, Regina Cely C.","Formação docente continuada na relação universidade e escola: construção de referências para uma análise a partir da experiência do PDE/PR","The present article examines the demands of continuing education in the relationship between university and school in the current context. From the studies and researches proposed by the Project The quality of teacher education in the current context: school, university and educational policy, developed by the authors, it is proposed to situate the role of the university as a body of knowledge and educators and teachers training for the current school. The asessment of the continued education policies of the PDE/PR - (Program for Educational Development Network Continuous Formation. Parana, Brazil) is prioritized, proposed by Ministry of Education of Parana to the UFPR (Universidade Federal do Paraná) and the Education Sector, which has been in force since 2007. From this perspective, it is presented the analysis of the research conducted with groups of professional participants of the project, from semi-structured interviews, in three instances: - the educators, state schools teachers, and teachers guiding the PDE/PR at UFPR. From emancipatory assessment and according to the theories of authors who deal with the continuing education today, the research analyzes the PDE/PR process, in its objectives and activities. Considering the relationship between university and school, and taking into account statements and actions of the participant professionals, the aim is to get referrals to assess the role of the university in the initial and continued teacher training."
"32","Ceratti, Marina; Paiva, Patrícia Duarte de Oliveira; Sousa, Magno de; Tavares, Thaísa Silva","Comercialização de flores e plantas ornamentais no segmento varejista no município de Lavras/MG","Ornamentals plants and flowers Brazilian market has been presenting increase perspectives and consequent increment for the main segments of productive system: production, distribution and commercialization. This optimist prevision has been attracting new undertakes occasioning an increase of competition and the search necessity for new products and services. To understand the ornamental plants and flower new tendency and to analyze the retail segment structure at Lavras County, State of Minas Gerais, Brazil, that was the main purpose of this work, were got information at the flower and ornamental plants establishments at the first semester of 2003. For this porpose, was made an exploratory research with questions about the enterprise operational structure and social questions about the florists, like knowledge level in the area and their concern about to be up to date. In the county there aren't cash and carrier flower's shops, only commercial floriculturist, among them 64% work with landscape design projects, 73% offer gardening works, and 45% have self-production, being characterized generally by protected planting in small areas and only organic and simplified cultivation of garden's seedlings for self-provisions. Therefore, at the majority all florists depend on regular plants supply accomplished directly by large wholesaler, store to store. In general, it was observed that the retailers are limited in the price dispute showing their concern with the market competition high levels, and fewer interested in the productions and services diversification. Moreover, there are few sellers that offer innovation of products and services with aggregated value, searching for highest margins. This can be the result from the time of the floricultures at the market, once that 64% of the enterprises have more than 6 years, while the others 36% have fewer than 3 years. One of the main problems informed by the local florists is the competition of the door-to-door plant's salesmen. Due to the competitiveness of the segment, there isn't florist interaction excluding a productive integration possibility that can afford a better sector organization among others advantages."
"33","Milan, Marcos; Barros, José Wandmark Duarte; Gava, José Luiz","Planning soil tillage using quality function deployment (QFD)","The Brazilian forest sector represents about 4% of gross domestic product (GDP) which is correspondent to US$ 21.0 billion. The natural forest area is approximately 4.8 million hectares and for the near future there will be a need to increase the planted area. To avoid or minimize the impact of mechanized practices on forest soils, the reduced tillage has been developed. The aim of this work is to define the technical priorities of the reduced tillage for eucalyptus seedlings, using quality function deployment (QDF). The design requirements classified as the most important to attend seedling demands were the furrow width and depth, and clod sizes. QFD has the potential to be applied to agro-forestry systems to translate plant demands into technical requirements."
